<config>
  <gen>
    <beg> 2023-11-01 00:00:00 </beg>
    <end> 2023-11-01 23:59:59 </end>
    <int> 30                  </int>
    <sys> GPS GAL BDS GLO     </sys>
    <rec>
 AIRA </rec>
    <est> FLT                 </est>
  </gen>
  <inputs>
    <rinexo>
 /mnt/e/GREAT-PVT_1.0/util/batch_process/data/obs/2023/305/aira3050.23o 
</rinexo>
    <rinexn> /mnt/e/GREAT-PVT_1.0/util/batch_process/data/rinexn/brdc3050.23p </rinexn>
    <rinexc> /mnt/e/GREAT-PVT_1.0/util/batch_process/data/clk/COD0MGXFIN_20233050000_01D_30S_CLK.CLK </rinexc>
    <sp3> /mnt/e/GREAT-PVT_1.0/util/batch_process/data/sp3/COD0MGXFIN_20233050000_01D_05M_ORB.SP3 </sp3>
    <de> /mnt/e/GREAT-PVT_1.0/util/batch_process/data/sys/jpleph_de405_great </de>
    <atx> /mnt/e/GREAT-PVT_1.0/util/batch_process/data/sys/igs20_2290.atx </atx>
    <blq> /mnt/e/GREAT-PVT_1.0/util/batch_process/data/sys/oceanload </blq>
    <eop> /mnt/e/GREAT-PVT_1.0/util/batch_process/data/sys/poleut1 </eop>
    <bias> /mnt/e/GREAT-PVT_1.0/util/batch_process/data/bia/CAS0MGXRAP_20233050000_01D_01D_DCB.BSX </bias>
    <ifcb> /mnt/e/GREAT-PVT_1.0/util/batch_process/data/ifcb/ifcb_2023305 </ifcb>
    <upd>
 /mnt/e/GREAT-PVT_1.0/util/batch_process/data/upd/upd_wl_2023305_GREC 
 /mnt/e/GREAT-PVT_1.0/util/batch_process/data/upd/upd_nl_2023305_GREC 
</upd>
  </inputs>
  <outputs append="false" verb="0">
    <log type="CONSOLE" name="ppp" level="INFO"/>
    <ppp> /mnt/e/GREAT-PVT_1.0/util/batch_process/project/2023_305/pppflt_result/$(rec)_2023305 </ppp>
    <flt> /mnt/e/GREAT-PVT_1.0/util/batch_process/project/2023_305/pppflt_result/$(rec)_2023305.flt </flt>
  </outputs>
  <gps sigma_C="0.6" sigma_L="0.01">
    <sat>  
        G01 G02 G03 G04 G05 G06 G07 G08 G09 G10 
        G11 G12 G13 G14 G15 G16 G17 G18 G19 G20 
        G21 G22 G23 G24 G25 G26 G27 G28 G29 G30
        G31 G32
    </sat>
    <band> 1 2 </band>
    <freq> 1 2 </freq>
  </gps>
  <glo sigma_C="0.6" sigma_L="0.01">
    <sat>
        R01 R02 R03 R04 R05 R06 R07 R08 R09 R10 
        R11 R12 R13 R14 R15 R16 R17 R18 R19 R20 
        R21 R22 R23 R24 
    </sat>
    <band> 1 2 </band>
    <freq> 1 2 </freq>
  </glo>
  <gal sigma_C="0.6" sigma_L="0.01">
    <sat>
        E01 E02 E03 E04 E05 E06 E07 E08 E09 E10 
        E11 E12 E13 E14 E15 E16 E17 E18 E19 E20
        E21 E22 E23 E24 E25 E26 E27 E28 E29 E30 
        E31 E32 E33 E34 E35 E36
    </sat>
    <band> 1 5 </band>
    <freq> 1 2 </freq>
  </gal>
  <bds sigma_C="0.6" sigma_L="0.01">
    <sat>
         C06 C07 C08 C09 C10 
        C11 C12 C13 C14 C15 C16 C17 C18 C19 C20 
        C21 C22 C23 C24 C25 C26 C27 C28 C29 C30
        C31 C32 C33 C34 C35 C36 C37 C38 C39  
        C41 C42 C43 C44 C45 C46 
    </sat>
    <band> 2 6 </band>
    <freq> 1 2 </freq>
  </bds>
  <qzs sigma_C="0.6" sigma_L="0.01">
    <sat>
        J01 J02 J03 J04
    </sat>
    <band> 1 2 </band>
    <freq> 1 2 </freq>
  </qzs>
  <process>
    <phase>                  true               </phase>
    <tropo>                  true               </tropo>
    <iono>                   true               </iono>
    <doppler>                false              </doppler>
    <tropo_model>            saastamoinen       </tropo_model>
    <sig_init_crd>           30                 </sig_init_crd>
    <sig_init_vel>           10                 </sig_init_vel>
    <sig_init_ztd>           10                 </sig_init_ztd>
    <sig_init_amb>           30                 </sig_init_amb>
    <sig_init_gal>           10                 </sig_init_gal>
    <sig_init_glo>           10                 </sig_init_glo>
    <sig_init_bds>           10                 </sig_init_bds>
    <sig_init_vion>          100                </sig_init_vion>
    <minimum_elev>           7                  </minimum_elev>
    <obs_combination>        RAW_ALL            </obs_combination>
    <max_res_norm>           3                  </max_res_norm>
    <crd_constr>             est                </crd_constr>
    <pos_kin>                false              </pos_kin>
    <min_sat>                5                  </min_sat>
    <obs_weight>             SINEL              </obs_weight>
    <bds_code_bias_corr>     true               </bds_code_bias_corr>
    <slip_model>             default            </slip_model>
    <frequency>              2                  </frequency>
  </process>
  <filter method_flt="srcf" noise_crd="0" noise_vel="1" noise_clk="1000" noise_dclk="100" noise_vion="100" rndwk_ztd="6" rndwk_amb="0" rndwk_glo="20" rndwk_gal="20" rndwk_bds="20" rndwk_gps="20"/>
  <ambiguity>
    <fix_mode> SEARCH </fix_mode>
    <upd_mode> UPD </upd_mode>
    <part_fix> YES </part_fix>
    <part_fix_num> 4 </part_fix_num>
    <ratio> 2.0 </ratio>
    <set_refsat> YES </set_refsat>
    <min_common_time> 1 </min_common_time>
    <extra_widelane_decision maxdev="0.07" maxsig="0.10" alpha="1000"/>
    <widelane_decision maxdev="0.25" maxsig="0.12" alpha="1000"/>
    <narrowlane_decision maxdev="0.35" maxsig="0.12" alpha="1000"/>
  </ambiguity>
</config>
